"variable","mean"
"ggt","3.1490838175043"
"mch","30.4408904510838"
"rdw","2.58231287176669"
"pltlt","5.45998511014681"
"rbc","4.56998623315759"
"hb","138.771528998243"
"ast","3.10838955199929"
"wbc","1.80015137164132"
"alkp","4.31457664853561"
"baso_p","0.0698380079345945"
"tot_prot","72.0755711775044"
"hdl","1.44777206795548"
"ca","2.33645869947276"
"lympho_p","0.309566783831283"
"alb","41.6210527240773"
"k","4.15773579379028"
"vitb12","5.8584396890614"
