"variable","mean"
"ggt","3.1490838175043"
"mch","30.4408904510838"
"rdw","2.58231287176669"
"pltlt","5.45998511014681"
"rbc","4.56998623315759"
"hb","13.8771528998243"
"ast","3.10838955199929"
"wbc","1.80015137164132"
"alkp","4.31457664853561"
"baso_p","0.698380079345945"
"tot_prot","7.20755711775044"
"hdl","55.8985354422964"
"ca","9.34583479789104"
"lympho_p","30.9566783831283"
"alb","4.16210527240773"
"k","4.15773579379028"
"vitb12","6.16225114344306"
