"variable","SD"
"ggt","0.602878495404225"
"mch","2.1132922211614"
"rdw","0.0821807082346452"
"pltlt","0.271572211557141"
"rbc","0.464836013336685"
"hb","1.40403523835338"
"ast","0.335346946404384"
"wbc","0.281882734798043"
"alkp","0.316991764588829"
"baso_p","0.257369331374114"
"tot_prot","0.506530752830907"
"hdl","16.2744174563777"
"ca","0.431677806170836"
"lympho_p","8.88468730691815"
"alb","0.366602033658644"
"k","0.3461145081685"
"vitb12","0.530662868289336"
