"variable","mean"
"mch","30.4408904510838"
"rdw","2.58231287176669"
"pltlt","5.45998511014681"
"rbc","4.56998623315759"
"hb","138.771528998243"
"wbc","1.80015137164132"
"baso_p","0.0698380079345945"
"hdl","1.44777206795548"
"lympho_p","0.309566783831283"
